{"intercept": 18.62722664618949, "coef": [-0.18287260904331185, -1.5564510758508923, -0.11938393000895717, 0.16736647376654404, 0.4494544318518235, 1.7932054929880248, 3.502356795228424, -0.6812025520695496, -0.034056299338891226, -1.080832895926694, 15.103129016395442, -3.0423532644498374, 0.9235496835884368, -0.7618046209927083, -0.49242514770095325, -1.3451960187297627, -3.0720724896768474, -1.3683259286784777, -0.8187060091214806, 0.030821259995791037, 0.4085780380219351, 1.0272887204360603, -0.33848202398042393, -0.16188718253991002, -0.22619090357555657, -0.6041386837539303, -0.1219086412451103, 0.14428830470701667, 0.3946684168738402, 0.9903539431276067, -0.4766736089783381, 0.4259081417936941, -0.041164479157036284, 0.043751922549909256, 0.06590749350189316, -0.5307019817404426, 0.003358858460519281, 0.10712398548444443, -1.5564510758508945, 0.0, 1.1480010087944226, 2.0648044351674413, 5.643699466939224, -2.204289108392045, 0.0, -3.50061848628865, -0.7352223898375037, 1.9867112148685415, -1.4860193276215818, 0.9458531238736205, -0.4708758488315439, -0.5398923242304039, -0.2803636888255468, -0.7729731399289613, -0.1669277303961539, -0.036740964921100495, -0.11938393000893442, 0.461283917542197, -0.6974539980951663, 0.0, 0.0, 1.6685041170085375, 0.0, 2.484382024326417, -3.1151338761416683, -2.7160769459750855, 3.88674115034754, 0.49650442080770274, 0.27506309841220283, 0.5060919806207685, -3.1928433429135388, 0.34474461468512835, 0.911142945821735, 0.16736647376652586, 0.0, 0.0, 0.0, 0.0, 0.0, -1.2891875499909773, 2.698177606673636, 0.5353607687394547, -0.44960166845195587, -0.8899639394340392, -1.1131837178723853, -1.1128485608229548, 1.281010754187558, 0.3902319551523765, 0.11737082558585167, 0.4494544318518393, 0.0, 0.0, 0.0, 0.0, 0.13839236197823865, 4.887080138903177, -0.777648878970483, -0.45530478238702093, -0.5331592683754625, -0.9631109056796464, -0.23800866487005087, -0.9187284457124779, -0.2494058618579298, -0.4406512611764648, 1.7932054929880248, 0.0, 0.0, 0.0, 0.8773634098785429, 0.6656072323717604, -0.26509504809049905, 0.8156169482633956, 0.2607837248594767, -0.5360613951090029, -0.31007984536691835, 0.23271517232619324, 0.3563378492338286, -0.3039825553785401, 3.502356795228414, 0.0, 0.0, 0.4645540596277096, 3.25372714249815, 0.17900350794125353, -0.6411401737449537, -0.001827229726026248, 1.737042230188844, 0.3824407125100453, -0.5510336453113013, -0.685670469455513, -0.6347393392998721, -0.6812025520695497, 0.0, -0.06108910851274945, -0.3577950321250194, 0.14497345329901729, -0.937846524551256, -0.32628424049039734, 0.5424366066902869, 0.1825415925456115, -0.19624744269576666, 0.22069706505098013, 0.10741107871976868, -0.034056299338883614, 0.06115010480195, 3.091068213212899, -0.17691102840160905, 1.2712257997288912, 0.6619490280003696, -0.13016417500850075, 0.3513786143826984, -1.1165865271991555, -0.7417714454818288, 0.7395674413326414, -1.0808328959267028, 0.0, 0.0, 0.0, 0.0, 0.0, 0.0, 0.0, 0.0, 0.0, 15.103129016395538, 0.0, 0.0, 0.0, 0.0, 0.0, 0.0, 0.0, 0.0, -3.042353264449832, 0.0, 0.0, 0.0, 0.0, 0.0, 0.0, 0.0, 0.9235496835884671, 0.0, 0.0, 0.0, 0.0, 0.0, 0.0, -0.761804620992718, 0.0, 0.0, 0.0, 0.0, 0.0, -0.4924251477009573, 0.0, 0.0, 0.0, 0.0, -1.3451960187297414, 0.0, 0.0, 0.0, -3.0720724896768554, 0.0, 0.0, -1.3683259286784633, 0.0, -0.8187060091215191], "columns": ["Hour", "Weather_Rain", "Weather_Thunder", "Date (Day/Week)_Monday", "Date (Day/Week)_Tuesday", "Date (Day/Week)_Wednesday", "Date (Day/Week)_Thursday", "Date (Day/Week)_Saturday", "Date (Day/Week)_Sunday", "Destination_KLCC Twin Towers", "Destination_KLIA", "Destination_Mid Valley Mega Mall", "Destination_Batu Caves Temple", "Destination_Lalaport Bukit Bintang", "Destination_Sunway Pyramid Mall", "Destination_1 Mont Kiara", "Destination_Laurel Residence", "Destination_Taylor's University", "Destination_1 Utama Shopping mall"]}
